Depth,Temperature,pH,Salinity,conc_O2,conc_CO2,conc_NO2-,conc_NO3-,conc_NH3,conc_PO43-,conc_DOC
100,283.9594,8.010541016,35.2801,2.70E-04,2.21E-03,1.08E-08,1.01E-05,3.48E-09,6.50E-07,4.94E-05
125,283.3202,,35.1876,2.68E-04,,1.15E-08,1.06E-05,1.11E-09,7.13E-07,5.35E-05
150,283.2816,,35.1957,2.66E-04,,1.30E-08,1.08E-05,1.07E-09,7.32E-07,5.24E-05
200,283.1351,8.000595638,35.2006,2.63E-04,2.23E-03,1.35E-08,1.15E-05,1.13E-09,7.72E-07,4.78E-05
400,282.0452,,35.1338,2.28E-04,,4.50E-09,1.62E-05,2.71E-09,1.08E-06,4.75E-05
500,280.7271,7.937439787,35.0692,2.11E-04,2.24E-03,4.25E-09,1.93E-05,2.92E-09,1.26E-06,4.78E-05
750,279.2694,,35.0983,2.33E-04,,2.50E-09,1.82E-05,,1.22E-06,4.54E-05
1000,277.6564,7.965523812,34.946,2.68E-04,2.23E-03,4.50E-09,1.74E-05,8.48E-09,1.17E-06,4.67E-05
