Depth,Temperature,pH,Salinity,conc_O2,conc_CO2,conc_NO2-,conc_NO3-,conc_NH3,conc_PO43-,conc_DOC
100,285.5851,8.024073847,35.6182,2.45E-04,2.20E-03,1.83E-08,8.85E-06,8.98E-09,5.52E-07,5.50E-05
125,285.3173,,35.5838,2.43E-04,,2.41E-08,9.66E-06,3.49E-09,5.90E-07,5.67E-05
150,285.208,,35.5715,2.42E-04,,1.96E-08,9.73E-06,4.39E-09,6.06E-07,5.37E-05
200,284.9113,8.01028336,35.5383,2.41E-04,2.21E-03,1.56E-08,1.03E-05,3.62E-09,6.42E-07,5.13E-05
400,283.8966,,35.4122,2.19E-04,,1.21E-08,1.38E-05,7.47E-09,8.70E-07,5.02E-05
500,283.4272,7.94069152,35.371,2.05E-04,2.23E-03,7.25E-09,1.57E-05,1.10E-08,9.89E-07,4.89E-05
750,281.6478,,35.3577,1.91E-04,,7.10E-09,1.88E-05,1.15E-08,1.21E-06,4.67E-05
1000,280.3206,7.979767836,35.3217,2.10E-04,2.24E-03,,1.84E-05,9.85E-09,1.18E-06,4.48E-05
