Depth,Temperature,pH,Salinity,conc_O2,conc_CO2,conc_NO2-,conc_NO3-,conc_NH3,conc_PO43-,conc_DOC
100,285.3414,8.01746703,35.5651,2.42E-04,2.21E-03,1.90E-08,9.51E-06,4.32E-09,5.90E-07,5.43E-05
125,285.1914,,35.5513,2.44E-04,,2.40E-08,9.55E-06,4.01E-09,5.90E-07,5.17E-05
150,284.7215,,35.5079,2.45E-04,,7.25E-09,1.02E-05,7.60E-09,6.17E-07,5.36E-05
200,284.5703,7.99842305,35.4905,2.43E-04,2.22E-03,6.25E-09,1.05E-05,1.00E-11,6.40E-07,5.64E-05
400,284.0575,,35.4467,2.45E-04,,5.00E-09,1.13E-05,2.28E-11,7.10E-07,5.28E-05
500,283.2566,7.975447424,35.351,2.02E-04,2.22E-03,2.25E-09,1.61E-05,4.20E-09,9.94E-07,5.04E-05
750,281.3639,,35.3327,1.93E-04,,2.00E-09,1.90E-05,1.53E-09,1.20E-06,4.73E-05
1000,279.2638,7.962049068,35.1568,2.24E-04,2.24E-03,,1.85E-05,7.92E-09,1.17E-06,4.65E-05
