Depth,Temperature,pH,Salinity,conc_O2,conc_CO2,conc_NO2-,conc_NO3-,conc_NH3,conc_PO43-,conc_DOC
100,284.104,8.010795044,35.3281,2.51E-04,2.20E-03,1.68E-08,1.02E-05,1.66E-08,6.50E-07,5.76E-05
125,283.841,,35.2832,2.54E-04,,1.43E-08,1.05E-05,1.21E-08,6.60E-07,5.58E-05
150,283.7078,,35.2749,2.52E-04,,8.80E-09,1.08E-05,1.19E-08,7.00E-07,5.72E-05
200,283.6173,7.996510559,35.2975,2.46E-04,2.21E-03,3.80E-09,1.18E-05,2.13E-08,7.50E-07,5.00E-05
400,282.308,,35.1849,2.09E-04,,2.80E-09,1.69E-05,8.17E-09,1.09E-06,4.69E-05
500,280.9089,7.932140157,35.0826,1.98E-04,2.24E-03,5.00E-09,1.93E-05,3.63E-09,1.25E-06,4.74E-05
750,280.2347,,35.2741,2.09E-04,,1.80E-09,1.87E-05,1.15E-08,1.21E-06,4.63E-05
1000,277.9945,7.961904708,34.9948,2.47E-04,2.23E-03,,1.83E-05,5.92E-09,1.18E-06,4.39E-05
